City,Date,Card Type,Exp Type,Gender,Amount
"Delhi, India",29-Oct-14,Gold,Bills,,82475
"Greater Mumbai, India",22-Aug-14,Platinum,Bills,F,32555
"Bengaluru, India",27-Aug-14,Silver,Bills,F,101738
"Greater Mumbai, India",12-Apr-14,Signature,Bills,F,123424
"Bengaluru, India",5-May-15,Gold,Bills,F,171574
"Delhi, India",8-Sep-14,Silver,Bills,,
"Delhi, India",24-Feb-15,Gold,Bills,F,143250
"Greater Mumbai, India",26-Jun-14,Platinum,Bills,F,150980
"Delhi, India",28-Mar-14,Silver,Bills,F,192247
"Delhi, India",1-Sep-14,Platinum,Bills,F,67932
"Delhi, India",22-Jun-14,Platinum,Bills,F,
"Greater Mumbai, India",7-Dec-13,Signature,Bills,F,278036
"Greater Mumbai, India",7-Aug-14,Gold,Bills,F,19226
"Delhi, India",27-Apr-14,Signature,Bills,,254359
"Greater Mumbai, India",15-Aug-14,Signature,Bills,F,302834
"Greater Mumbai, India",28-Nov-14,Platinum,Bills,F,
"Greater Mumbai, India",14-Jun-14,Signature,Bills,F,421878
"Greater Mumbai, India",30-Mar-15,Gold,Bills,F,986379
"Greater Mumbai, India",15-Mar-14,Platinum,Bills,F,213047
"Greater Mumbai, India",9-Nov-13,Platinum,Bills,F,735566
"Delhi, India",4-Apr-14,Signature,Bills,F,
"Delhi, India",1-Jul-14,Signature,Bills,F,809623
"Greater Mumbai, India",27-Mar-15,Silver,Bills,F,467014
"Ahmedabad, India",11-Oct-13,Gold,Bills,F,668568
"Ahmedabad, India",26-Mar-14,Gold,Bills,F,339112
"Delhi, India",27-Sep-14,Silver,Bills,,622170
"Bengaluru, India",23-Mar-14,Platinum,Bills,F,434427
"Greater Mumbai, India",17-May-14,Signature,Bills,F,655846
"Bengaluru, India",18-Jan-15,Platinum,Bills,F,987935
"Delhi, India",18-Apr-15,Gold,Bills,F,702774
"Bengaluru, India",31-Jul-14,Signature,Bills,,225392
"Greater Mumbai, India",11-Feb-15,Gold,Bills,F,
"Ahmedabad, India",24-Nov-13,Platinum,Bills,F,227702
"Ahmedabad, India",8-Nov-14,Gold,Bills,F,864090
"Ahmedabad, India",6-Sep-14,Signature,Bills,F,440605
"Ahmedabad, India",24-Mar-15,Platinum,Bills,F,954660
"Ahmedabad, India",1-Jan-14,Signature,Bills,F,255577
"Ahmedabad, India",12-Jul-14,Silver,Bills,F,
"Ahmedabad, India",4-Feb-14,Platinum,Bills,F,660244
"Delhi, India",3-Feb-15,Silver,Bills,F,401351
"Delhi, India",27-Oct-13,Platinum,Bills,,678842
"Delhi, India",11-May-14,Gold,Bills,F,478861
"Bengaluru, India",10-Nov-14,Platinum,Bills,F,804938
"Delhi, India",30-Jan-15,Silver,Bills,F,888341
"Bengaluru, India",19-Apr-14,Platinum,Bills,F,
"Bengaluru, India",8-Sep-14,Gold,Bills,F,249353
"Ahmedabad, India",10-Dec-13,Gold,Bills,,892016
"Ahmedabad, India",4-Nov-13,Platinum,Bills,F,313626
"Greater Mumbai, India",1-Jun-14,Gold,Bills,F,314366
"Greater Mumbai, India",27-Apr-14,Signature,Bills,F,
"Delhi, India",4-Oct-13,Signature,Bills,F,735037
"Greater Mumbai, India",31-Dec-14,Platinum,Bills,F,574023
"Ahmedabad, India",21-Dec-13,Signature,Bills,F,402300
"Delhi, India",7-Dec-13,Signature,Bills,,733125
"Greater Mumbai, India",7-Feb-14,Signature,Bills,F,545977
"Bengaluru, India",13-May-15,Silver,Bills,F,371572
"Ahmedabad, India",28-Jan-15,Signature,Bills,F,
"Delhi, India",9-Dec-14,Platinum,Bills,F,279051
"Delhi, India",8-Oct-13,Platinum,Bills,F,900101
"Ahmedabad, India",24-Apr-14,Silver,Bills,F,545286
"Delhi, India",13-Jan-15,Platinum,Bills,F,722587
"Bengaluru, India",14-Mar-14,Platinum,Bills,,411062
"Delhi, India",27-Feb-14,Platinum,Bills,F,660910
"Greater Mumbai, India",29-Oct-13,Signature,Bills,F,557370
"Greater Mumbai, India",22-Jun-14,Platinum,Bills,F,
"Delhi, India",23-Jan-14,Platinum,Bills,,340133
"Bengaluru, India",10-Nov-13,Gold,Bills,F,265417
"Greater Mumbai, India",13-Dec-13,Platinum,Bills,F,358185
"Greater Mumbai, India",22-Mar-14,Gold,Bills,F,991685
"Greater Mumbai, India",13-Jan-15,Gold,Bills,F,533762
"Greater Mumbai, India",8-May-14,Gold,Bills,F,829742
"Delhi, India",18-Feb-14,Silver,Bills,F,441527
"Delhi, India",4-Oct-13,Signature,Bills,F,550782
"Greater Mumbai, India",14-Jun-14,Platinum,Bills,F,835872
"Ahmedabad, India",24-Aug-14,Silver,Bills,F,540497
"Greater Mumbai, India",2-Apr-15,Platinum,Bills,F,525977
"Greater Mumbai, India",27-Jun-14,Gold,Bills,F,789393
"Greater Mumbai, India",6-Feb-15,Platinum,Bills,F,689478
"Bengaluru, India",29-Mar-14,Silver,Bills,F,499079
"Ahmedabad, India",22-Apr-14,Platinum,Bills,F,665107
"Greater Mumbai, India",14-Oct-14,Platinum,Bills,F,998077
"Ahmedabad, India",2-Feb-14,Silver,Bills,F,934205
"Bengaluru, India",1-Apr-15,Platinum,Bills,F,823426
"Ahmedabad, India",13-Jan-15,Signature,Bills,F,282910
"Bengaluru, India",27-Mar-14,Gold,Bills,F,418675
"Ahmedabad, India",17-Feb-15,Silver,Bills,F,804949
"Bengaluru, India",10-Feb-15,Gold,Bills,F,686601
"Greater Mumbai, India",26-Feb-14,Silver,Bills,F,561220
"Greater Mumbai, India",7-May-15,Gold,Bills,F,762534
"Bengaluru, India",5-Jan-14,Gold,Bills,F,327947
"Bengaluru, India",7-Apr-14,Gold,Bills,F,492986
"Delhi, India",20-Feb-15,Signature,Bills,F,369237
"Bengaluru, India",19-Jan-15,Platinum,Bills,F,983839
"Ahmedabad, India",14-Nov-14,Gold,Bills,F,776716
"Greater Mumbai, India",21-Jul-14,Gold,Bills,,664632
"Bengaluru, India",3-Feb-15,Gold,Bills,F,466727
"Bengaluru, India",1-Nov-13,Gold,Bills,F,896384
"Delhi, India",7-Dec-13,Signature,Bills,F,712001
"Greater Mumbai, India",5-Aug-14,Silver,Bills,,246865
"Greater Mumbai, India",8-Jan-15,Signature,Bills,F,858729
"Delhi, India",11-Apr-15,Platinum,Bills,F,581882
"Greater Mumbai, India",15-Feb-15,Signature,Bills,F,646426
"Bengaluru, India",24-Mar-15,Silver,Bills,F,687088
"Bengaluru, India",13-Oct-13,Signature,Bills,,973026
"Greater Mumbai, India",24-Apr-15,Silver,Bills,F,944398
"Ahmedabad, India",9-Nov-14,Platinum,Bills,F,414422
"Bengaluru, India",4-Feb-15,Signature,Bills,F,408503
"Bengaluru, India",6-Mar-14,Signature,Bills,F,984466
"Greater Mumbai, India",27-Mar-14,Gold,Bills,F,919997
"Greater Mumbai, India",13-Nov-13,Signature,Bills,F,535101
"Greater Mumbai, India",22-Oct-13,Signature,Bills,F,978301
"Greater Mumbai, India",27-Sep-14,Gold,Bills,F,880406
"Ahmedabad, India",14-Nov-14,Silver,Bills,F,447241
"Bengaluru, India",21-Oct-13,Platinum,Bills,F,382191
"Bengaluru, India",15-May-15,Silver,Bills,F,775859
"Bengaluru, India",21-Mar-14,Platinum,Bills,F,832637
"Bengaluru, India",3-Apr-15,Platinum,Bills,F,458526
"Ahmedabad, India",6-Apr-15,Signature,Bills,F,440995
"Ahmedabad, India",5-Nov-13,Platinum,Bills,F,490128
"Delhi, India",7-Oct-13,Platinum,Bills,F,897079
"Delhi, India",31-Oct-14,Gold,Bills,F,431948
"Bengaluru, India",3-Apr-14,Silver,Bills,F,228072
"Delhi, India",21-Nov-13,Gold,Bills,F,757649
"Delhi, India",11-May-14,Signature,Bills,F,919877
"Greater Mumbai, India",23-May-14,Gold,Bills,F,605615
"Bengaluru, India",22-May-15,Platinum,Bills,F,500852
"Greater Mumbai, India",15-Feb-15,Signature,Bills,F,488136
"Delhi, India",16-Jun-14,Gold,Bills,F,937828
"Delhi, India",27-Jan-14,Gold,Bills,F,315873
"Greater Mumbai, India",20-May-15,Silver,Bills,F,567623
"Greater Mumbai, India",29-Oct-13,Platinum,Bills,F,555123
"Bengaluru, India",20-Apr-14,Gold,Bills,F,498843
"Greater Mumbai, India",23-May-14,Silver,Bills,F,752610
"Greater Mumbai, India",11-Mar-15,Platinum,Bills,F,494540
"Delhi, India",27-Oct-13,Gold,Bills,F,996754
"Ahmedabad, India",14-Jul-14,Signature,Bills,F,245572
"Delhi, India",18-Apr-14,Gold,Bills,F,974384
"Ahmedabad, India",25-Mar-14,Silver,Bills,F,846635
"Ahmedabad, India",1-Sep-14,Silver,Bills,F,635473
"Delhi, India",23-Mar-15,Gold,Bills,F,224510
"Delhi, India",24-Jan-15,Silver,Bills,F,478671
"Greater Mumbai, India",4-Oct-13,Gold,Bills,F,990700
"Delhi, India",14-Mar-14,Gold,Bills,F,228565
"Bengaluru, India",3-Jan-14,Silver,Bills,F,297732
"Greater Mumbai, India",3-Dec-14,Signature,Bills,F,559262
"Bengaluru, India",1-Jul-14,Signature,Bills,F,809907
"Ahmedabad, India",21-Aug-14,Signature,Bills,F,428316
"Ahmedabad, India",5-Mar-14,Signature,Bills,F,275065
"Bengaluru, India",20-Apr-14,Silver,Bills,F,845653
"Ahmedabad, India",20-Nov-13,Signature,Bills,F,236296
"Bengaluru, India",25-Sep-14,Signature,Bills,F,440572
"Ahmedabad, India",6-Feb-15,Gold,Bills,F,478115
"Bengaluru, India",26-Oct-13,Gold,Bills,F,897621
"Greater Mumbai, India",6-May-15,Signature,Bills,F,554281
"Delhi, India",30-Sep-14,Silver,Bills,F,245452
"Delhi, India",17-Jan-14,Platinum,Bills,F,365045
"Greater Mumbai, India",11-Jan-15,Gold,Bills,F,496047
"Bengaluru, India",11-Feb-15,Silver,Bills,F,466814
"Bengaluru, India",10-Nov-14,Gold,Bills,F,835177
"Delhi, India",12-Jan-15,Silver,Bills,F,219698
"Bengaluru, India",18-Oct-14,Silver,Bills,F,784541
"Delhi, India",25-Oct-13,Signature,Bills,F,576994
"Bengaluru, India",15-May-15,Gold,Bills,F,464663
"Bengaluru, India",3-May-14,Platinum,Bills,F,380270
"Ahmedabad, India",2-Oct-14,Silver,Bills,F,772082
"Delhi, India",9-Apr-15,Gold,Bills,F,230853
"Bengaluru, India",6-Oct-13,Signature,Bills,F,677654
"Greater Mumbai, India",5-Feb-14,Signature,Bills,F,929247
"Ahmedabad, India",9-Apr-15,Platinum,Bills,F,851374
"Ahmedabad, India",19-Jan-14,Platinum,Bills,F,637600
"Greater Mumbai, India",9-Nov-13,Platinum,Bills,F,681749
"Delhi, India",25-Mar-14,Silver,Bills,F,847958
"Greater Mumbai, India",18-Feb-14,Gold,Bills,F,877569
"Ahmedabad, India",14-Oct-13,Platinum,Bills,F,450413
"Bengaluru, India",1-May-15,Signature,Bills,F,219041
"Bengaluru, India",31-Dec-14,Gold,Bills,F,866572
"Greater Mumbai, India",26-Mar-14,Signature,Bills,F,570791
"Ahmedabad, India",28-Apr-14,Silver,Bills,F,705464
"Greater Mumbai, India",6-Apr-14,Signature,Bills,F,806821
"Greater Mumbai, India",27-Mar-14,Platinum,Bills,F,515472
"Ahmedabad, India",23-Sep-14,Silver,Bills,F,352207
"Ahmedabad, India",4-Mar-15,Gold,Bills,F,342761
"Bengaluru, India",27-Feb-14,Signature,Bills,F,249099
"Ahmedabad, India",27-Aug-14,Platinum,Bills,F,995634
"Bengaluru, India",12-Dec-14,Signature,Bills,F,435097
"Ahmedabad, India",16-Jun-14,Platinum,Bills,F,797815
"Delhi, India",2-Jan-14,Gold,Bills,F,326922
"Bengaluru, India",11-Dec-14,Gold,Bills,F,396241
"Delhi, India",14-Dec-14,Gold,Bills,F,486949
"Greater Mumbai, India",17-Jan-14,Gold,Bills,F,333483
"Ahmedabad, India",5-Oct-13,Platinum,Bills,F,612572
"Bengaluru, India",18-Mar-15,Silver,Bills,F,327244
"Ahmedabad, India",4-Feb-14,Silver,Bills,F,955468
"Greater Mumbai, India",25-Feb-15,Gold,Bills,F,927864
"Delhi, India",28-Mar-14,Signature,Bills,F,555220
"Delhi, India",28-Dec-14,Silver,Bills,F,952640
"Ahmedabad, India",31-May-14,Silver,Bills,F,695749
"Greater Mumbai, India",22-Aug-14,Platinum,Bills,F,365724
"Greater Mumbai, India",3-Mar-15,Platinum,Bills,F,738108
"Ahmedabad, India",17-Jan-15,Platinum,Bills,F,650785
"Delhi, India",23-Oct-14,Signature,Bills,F,611486
"Bengaluru, India",5-Aug-14,Platinum,Bills,F,965721
"Ahmedabad, India",12-Oct-14,Gold,Bills,F,413052
"Ahmedabad, India",22-Jan-14,Silver,Bills,F,584822
"Ahmedabad, India",25-Mar-15,Gold,Bills,F,980146
"Ahmedabad, India",10-Oct-14,Signature,Bills,F,926072
"Delhi, India",16-Apr-14,Silver,Bills,F,482394
"Bengaluru, India",21-Feb-14,Signature,Bills,F,718346
"Bengaluru, India",24-Apr-14,Silver,Bills,F,491598
"Delhi, India",7-Sep-14,Platinum,Bills,F,848852
"Bengaluru, India",28-Dec-14,Gold,Bills,F,396139
"Ahmedabad, India",13-Oct-14,Signature,Bills,F,856974
"Ahmedabad, India",3-Apr-15,Signature,Bills,F,855990
"Delhi, India",16-Feb-15,Signature,Bills,F,924776
"Greater Mumbai, India",3-Apr-14,Signature,Bills,F,204850
"Delhi, India",3-Nov-13,Platinum,Bills,F,780669
"Greater Mumbai, India",17-Apr-14,Signature,Bills,F,887442
"Delhi, India",22-Jan-14,Signature,Bills,F,297820
"Delhi, India",14-Mar-15,Signature,Bills,F,687879
"Greater Mumbai, India",13-Oct-13,Silver,Bills,F,738456
"Delhi, India",24-Aug-14,Platinum,Bills,F,378535
"Greater Mumbai, India",9-May-15,Silver,Bills,F,334116
"Delhi, India",7-Jun-14,Silver,Bills,F,772360
"Ahmedabad, India",26-Nov-14,Gold,Bills,F,580796
"Greater Mumbai, India",21-Oct-14,Silver,Bills,F,855465
"Greater Mumbai, India",15-Jun-14,Gold,Bills,F,978989
"Ahmedabad, India",25-Apr-15,Gold,Bills,F,451874
"Ahmedabad, India",7-Sep-14,Silver,Bills,F,670750
"Bengaluru, India",19-May-15,Signature,Bills,F,977951
"Delhi, India",23-Feb-14,Platinum,Bills,F,403466
"Delhi, India",28-Oct-13,Signature,Bills,F,861177
"Ahmedabad, India",17-Dec-14,Gold,Bills,F,528612
"Ahmedabad, India",4-Dec-14,Signature,Bills,F,339670
"Delhi, India",18-Nov-13,Signature,Bills,F,963751
"Ahmedabad, India",30-Nov-14,Gold,Bills,F,761930
"Ahmedabad, India",21-Aug-14,Signature,Bills,F,852806
"Delhi, India",25-May-14,Signature,Bills,F,207755
"Greater Mumbai, India",19-Apr-15,Gold,Bills,F,489540
"Ahmedabad, India",25-Mar-14,Silver,Bills,F,274395
"Bengaluru, India",11-Feb-14,Platinum,Bills,F,566945
"Ahmedabad, India",9-Dec-14,Gold,Bills,F,705690
"Bengaluru, India",25-Mar-14,Gold,Bills,F,894888
"Greater Mumbai, India",2-Jan-14,Platinum,Bills,F,811899
"Greater Mumbai, India",25-Dec-14,Silver,Bills,F,677645
"Greater Mumbai, India",16-Oct-14,Platinum,Bills,F,326162
"Delhi, India",19-Apr-15,Platinum,Bills,F,316946
"Delhi, India",20-Jan-14,Platinum,Bills,F,622373
"Bengaluru, India",10-May-14,Signature,Bills,F,640653
"Ahmedabad, India",9-Jan-15,Signature,Bills,F,745493
"Delhi, India",31-Oct-13,Gold,Bills,F,868021
"Delhi, India",28-Nov-14,Platinum,Bills,F,284923
"Bengaluru, India",21-Jul-14,Platinum,Bills,F,814422
"Bengaluru, India",22-Apr-15,Gold,Bills,F,599741
"Ahmedabad, India",10-Jun-14,Platinum,Bills,F,804560
"Ahmedabad, India",17-Apr-15,Gold,Bills,F,996291
"Ahmedabad, India",9-Nov-13,Platinum,Bills,F,477553
"Delhi, India",2-Jan-15,Gold,Bills,F,216028
"Greater Mumbai, India",10-Mar-15,Signature,Bills,F,275427
"Delhi, India",22-Dec-13,Silver,Bills,F,722048
"Delhi, India",14-Feb-15,Silver,Bills,F,292365
"Ahmedabad, India",30-Jan-15,Silver,Bills,F,400393
"Greater Mumbai, India",1-Apr-14,Platinum,Bills,F,219720
"Delhi, India",15-Feb-15,Signature,Bills,F,981404
"Bengaluru, India",24-Nov-14,Signature,Bills,F,639670
"Bengaluru, India",7-Aug-14,Gold,Bills,F,814333
"Ahmedabad, India",17-Oct-13,Gold,Bills,F,569582
"Ahmedabad, India",25-May-14,Gold,Bills,F,954111
"Ahmedabad, India",16-May-14,Gold,Bills,F,635267
"Delhi, India",11-Oct-13,Gold,Bills,F,393651
"Ahmedabad, India",2-Jun-14,Platinum,Bills,F,572306
"Ahmedabad, India",6-Aug-14,Silver,Bills,F,407647
"Greater Mumbai, India",26-Jan-15,Gold,Bills,F,734396
"Delhi, India",2-Mar-15,Platinum,Bills,F,224414
"Ahmedabad, India",10-Sep-14,Signature,Bills,F,203194
"Greater Mumbai, India",22-Jan-15,Gold,Bills,F,250410
"Delhi, India",4-Apr-15,Silver,Bills,F,830697
"Greater Mumbai, India",16-May-14,Platinum,Bills,F,790800
"Greater Mumbai, India",22-Feb-14,Silver,Bills,F,638570
"Greater Mumbai, India",13-Aug-14,Silver,Bills,F,380409
"Greater Mumbai, India",1-Apr-14,Gold,Bills,F,601631
"Ahmedabad, India",8-Jan-14,Gold,Bills,F,690534
"Ahmedabad, India",5-Mar-15,Silver,Bills,F,423661
"Greater Mumbai, India",8-Dec-14,Silver,Bills,F,936294
"Bengaluru, India",29-Nov-14,Platinum,Bills,F,537050
"Delhi, India",8-Mar-15,Silver,Bills,F,899343
"Greater Mumbai, India",25-Nov-13,Platinum,Bills,F,834691
"Ahmedabad, India",13-Apr-15,Silver,Bills,F,240216
"Greater Mumbai, India",15-Apr-14,Signature,Bills,F,424370
"Delhi, India",13-Feb-15,Silver,Bills,F,593991
"Greater Mumbai, India",2-Oct-14,Signature,Bills,F,768467
"Delhi, India",7-Feb-15,Gold,Bills,F,781959
"Bengaluru, India",27-Dec-14,Platinum,Bills,F,553907
"Bengaluru, India",4-Aug-14,Platinum,Bills,F,308622
"Greater Mumbai, India",5-May-15,Signature,Bills,F,912334
"Delhi, India",28-Jan-15,Silver,Bills,F,586474
"Delhi, India",6-Apr-14,Gold,Bills,F,521237
"Delhi, India",30-Oct-13,Signature,Bills,F,446266
"Greater Mumbai, India",30-Sep-14,Platinum,Bills,F,511168
"Bengaluru, India",28-Dec-13,Signature,Bills,F,608438
"Delhi, India",18-Oct-14,Gold,Bills,F,973519
"Delhi, India",28-Nov-14,Platinum,Bills,F,688577
"Bengaluru, India",12-May-14,Silver,Bills,F,686619
"Greater Mumbai, India",6-Nov-14,Signature,Bills,F,255982
"Greater Mumbai, India",2-Mar-14,Signature,Bills,F,464656
"Delhi, India",19-Apr-15,Signature,Bills,F,212319
"Greater Mumbai, India",18-Apr-15,Platinum,Bills,F,307563
"Delhi, India",15-Apr-15,Silver,Bills,F,407564
"Bengaluru, India",12-Oct-14,Signature,Bills,F,331349
"Delhi, India",14-Apr-15,Silver,Bills,F,391325
"Ahmedabad, India",7-Oct-14,Silver,Bills,F,530244
"Greater Mumbai, India",16-Apr-14,Signature,Bills,F,668736
"Bengaluru, India",3-Dec-14,Gold,Bills,F,517448
"Ahmedabad, India",3-Aug-14,Platinum,Bills,F,788531
"Ahmedabad, India",17-Mar-14,Gold,Bills,F,474729
"Bengaluru, India",16-Jan-15,Platinum,Bills,F,590841
"Greater Mumbai, India",5-Jan-14,Platinum,Bills,F,608427
"Delhi, India",2-May-15,Silver,Bills,F,719835
"Delhi, India",30-Dec-13,Signature,Bills,F,375139
"Bengaluru, India",19-May-14,Platinum,Bills,F,229589
"Bengaluru, India",5-Jul-14,Signature,Bills,F,376453
"Delhi, India",10-Oct-13,Signature,Bills,F,360009
"Ahmedabad, India",3-Aug-14,Signature,Bills,F,770346
"Greater Mumbai, India",23-May-15,Signature,Bills,F,489043
"Bengaluru, India",11-Nov-14,Platinum,Bills,F,503037
"Greater Mumbai, India",11-Jan-14,Platinum,Bills,F,731261
"Ahmedabad, India",14-Feb-14,Signature,Bills,F,262755
"Greater Mumbai, India",16-Jul-14,Gold,Bills,F,825475
"Greater Mumbai, India",24-Feb-14,Platinum,Bills,F,922630
"Delhi, India",25-Sep-14,Gold,Bills,F,752172
"Ahmedabad, India",11-Jun-14,Gold,Bills,F,418009
"Delhi, India",7-Jun-14,Signature,Bills,F,994537
"Greater Mumbai, India",2-Aug-14,Silver,Bills,F,922206
"Greater Mumbai, India",21-May-14,Signature,Bills,F,389097
"Bengaluru, India",4-Apr-15,Signature,Bills,F,880778
"Greater Mumbai, India",3-Mar-15,Gold,Bills,F,327971
"Bengaluru, India",2-Mar-14,Signature,Bills,F,689201
"Bengaluru, India",17-May-15,Silver,Bills,F,792440
"Bengaluru, India",17-Mar-15,Signature,Bills,F,602222
"Ahmedabad, India",3-Sep-14,Platinum,Bills,F,502399
"Ahmedabad, India",17-Mar-14,Silver,Bills,F,272804
"Bengaluru, India",6-Jun-14,Platinum,Bills,F,613280
"Delhi, India",17-Oct-14,Signature,Bills,F,876491
"Bengaluru, India",25-Feb-14,Silver,Bills,F,820217
"Greater Mumbai, India",6-Sep-14,Signature,Bills,F,994184
"Ahmedabad, India",7-Dec-13,Platinum,Bills,F,515263
"Ahmedabad, India",28-Aug-14,Signature,Bills,F,338527
"Ahmedabad, India",16-Jun-14,Silver,Bills,F,934683
"Ahmedabad, India",7-Jul-14,Signature,Bills,F,454570
"Greater Mumbai, India",28-Jan-15,Gold,Bills,F,654519
"Ahmedabad, India",12-Jun-14,Gold,Bills,F,958047
"Bengaluru, India",3-Nov-13,Silver,Bills,F,465281
"Ahmedabad, India",31-Dec-13,Signature,Bills,F,653161
"Ahmedabad, India",14-Apr-14,Gold,Bills,F,307350
"Greater Mumbai, India",27-Aug-14,Silver,Bills,F,41002
"Bengaluru, India",3-Jan-14,Silver,Bills,F,34743
"Bengaluru, India",26-Sep-14,Signature,Bills,F,195589
"Bengaluru, India",10-Mar-14,Signature,Bills,F,204735
"Ahmedabad, India",14-May-14,Signature,Bills,F,118112
"Greater Mumbai, India",12-Dec-13,Platinum,Bills,F,61572
"Delhi, India",25-Feb-15,Gold,Bills,F,274938
"Greater Mumbai, India",21-Feb-14,Signature,Bills,F,43854
"Delhi, India",27-Apr-14,Gold,Bills,F,8798
"Greater Mumbai, India",8-May-15,Gold,Bills,F,192241
"Bengaluru, India",10-Apr-14,Silver,Bills,F,128164
"Delhi, India",28-Apr-14,Signature,Bills,F,249061
"Greater Mumbai, India",29-Jan-14,Gold,Bills,F,275283
"Greater Mumbai, India",3-Jan-14,Platinum,Bills,F,172194
"Ahmedabad, India",13-May-15,Gold,Bills,F,13162
"Bengaluru, India",5-Feb-15,Platinum,Bills,F,3427
"Bengaluru, India",7-Jan-15,Gold,Bills,F,171374
"Delhi, India",19-Feb-15,Signature,Bills,F,286251
"Ahmedabad, India",19-Oct-14,Platinum,Bills,F,123417
"Delhi, India",3-Dec-13,Silver,Bills,F,81088
"Ahmedabad, India",26-Oct-14,Signature,Bills,F,64113
"Bengaluru, India",27-Mar-14,Platinum,Bills,F,54374
"Ahmedabad, India",18-Mar-15,Signature,Bills,F,175515
"Delhi, India",25-Nov-13,Gold,Bills,F,78773
"Bengaluru, India",25-Jun-14,Signature,Bills,F,143515
"Delhi, India",22-Nov-14,Silver,Bills,F,263613
"Greater Mumbai, India",22-Apr-15,Platinum,Bills,F,265434
"Delhi, India",3-Jun-14,Signature,Bills,F,87839
"Delhi, India",16-Jun-14,Signature,Bills,F,60905
"Delhi, India",9-Apr-15,Platinum,Bills,F,199726
"Delhi, India",20-Jan-15,Silver,Bills,F,267896
"Ahmedabad, India",31-Dec-13,Gold,Bills,F,198937
"Greater Mumbai, India",2-Oct-14,Gold,Bills,F,90745
"Greater Mumbai, India",24-Jul-14,Silver,Bills,F,86676
"Greater Mumbai, India",8-May-15,Platinum,Bills,F,163574
"Greater Mumbai, India",27-Apr-15,Signature,Bills,F,2138
"Bengaluru, India",11-Jun-14,Silver,Bills,F,253749
"Delhi, India",6-Jun-14,Platinum,Bills,F,60187
"Bengaluru, India",3-Mar-15,Platinum,Bills,F,15566
"Greater Mumbai, India",11-Jul-14,Signature,Bills,F,242144
"Delhi, India",17-Mar-14,Platinum,Bills,F,114049
"Bengaluru, India",17-Mar-14,Gold,Bills,F,100992
"Delhi, India",3-Mar-14,Silver,Bills,F,173017
"Greater Mumbai, India",7-Jun-14,Gold,Bills,F,279567
"Delhi, India",28-Dec-13,Signature,Bills,F,25016
"Delhi, India",11-Nov-13,Silver,Bills,F,157982
"Bengaluru, India",17-May-14,Signature,Bills,F,240387
"Delhi, India",31-Aug-14,Platinum,Bills,F,134030
"Bengaluru, India",26-Jan-15,Gold,Bills,F,108651
"Delhi, India",17-Jan-14,Gold,Bills,F,138617
"Bengaluru, India",27-Jan-14,Signature,Bills,F,98963
"Delhi, India",24-Dec-13,Silver,Bills,F,25486
"Delhi, India",3-Mar-15,Gold,Bills,F,231140
"Ahmedabad, India",22-Oct-13,Gold,Bills,F,20032
"Greater Mumbai, India",14-Jan-15,Gold,Bills,F,293938
"Delhi, India",11-Jan-14,Silver,Bills,F,88175
"Ahmedabad, India",7-Feb-15,Platinum,Bills,F,105297
"Delhi, India",8-Oct-13,Platinum,Bills,F,129169
"Greater Mumbai, India",14-Aug-14,Signature,Bills,F,172386
"Greater Mumbai, India",9-May-15,Platinum,Bills,F,46369
"Greater Mumbai, India",2-Apr-14,Silver,Bills,F,158636
"Delhi, India",26-Nov-14,Signature,Bills,F,87219
"Delhi, India",16-Nov-14,Gold,Bills,F,183445
"Bengaluru, India",27-Jun-14,Silver,Bills,F,147977
"Ahmedabad, India",19-Nov-14,Platinum,Bills,F,243279
"Bengaluru, India",4-Apr-14,Platinum,Bills,F,243950
"Delhi, India",14-Apr-15,Silver,Bills,F,32548
"Delhi, India",9-Dec-13,Platinum,Bills,F,118126
"Greater Mumbai, India",30-Nov-13,Platinum,Bills,F,13325
"Greater Mumbai, India",16-Feb-14,Gold,Bills,F,295055
"Greater Mumbai, India",12-Jan-15,Platinum,Bills,F,64764
"Bengaluru, India",3-Feb-14,Platinum,Bills,F,174520
"Delhi, India",5-Nov-13,Signature,Bills,F,72763
"Greater Mumbai, India",27-Sep-14,Signature,Bills,F,269809
"Delhi, India",29-Jun-14,Silver,Bills,F,81145
"Ahmedabad, India",13-Jul-14,Silver,Bills,F,25948
"Greater Mumbai, India",23-Jan-15,Silver,Bills,,120188
"Greater Mumbai, India",5-Dec-14,Signature,Bills,F,8259
"Delhi, India",15-Apr-14,Signature,Bills,F,285830
"Bengaluru, India",27-Apr-15,Gold,Bills,F,67039
"Ahmedabad, India",25-Jul-14,Gold,Bills,,14370
"Ahmedabad, India",10-Oct-14,Platinum,Bills,F,54304
"Greater Mumbai, India",18-Oct-13,Gold,Bills,F,188856
"Ahmedabad, India",18-Jan-14,Gold,Bills,F,44635
"Greater Mumbai, India",22-Nov-13,Platinum,Bills,F,227273
"Delhi, India",26-Mar-14,Gold,Bills,,234200
"Delhi, India",12-Dec-14,Signature,Bills,F,79053
"Greater Mumbai, India",1-Mar-15,Silver,Bills,F,49711
"Greater Mumbai, India",29-Oct-14,Signature,Bills,F,203463
"Bengaluru, India",29-Jul-14,Signature,Bills,F,196985
"Greater Mumbai, India",18-Apr-15,Gold,Bills,F,246457
"Delhi, India",5-Nov-13,Platinum,Bills,F,88344
"Bengaluru, India",27-Aug-14,Signature,Bills,F,167457
"Bengaluru, India",4-Mar-14,Gold,Bills,F,254598
"Delhi, India",27-Jan-14,Platinum,Bills,F,102486
"Greater Mumbai, India",18-Jan-14,Silver,Bills,F,159428
"Bengaluru, India",28-Jan-14,Platinum,Bills,F,296987
"Ahmedabad, India",6-Feb-15,Signature,Bills,F,89418
"Delhi, India",26-Feb-15,Signature,Bills,F,77247
"Bengaluru, India",24-Jan-14,Gold,Bills,F,66542
"Greater Mumbai, India",27-Nov-14,Silver,Bills,F,194526
"Bengaluru, India",16-Jul-14,Signature,Bills,F,178119
"Bengaluru, India",16-May-14,Gold,Bills,F,258653
"Delhi, India",2-Nov-14,Silver,Bills,F,97425
"Delhi, India",23-May-14,Gold,Bills,F,223185
"Greater Mumbai, India",28-Jan-15,Gold,Bills,F,224750
"Ahmedabad, India",17-Jan-14,Signature,Bills,F,103363
"Greater Mumbai, India",27-Nov-14,Platinum,Bills,F,49090
"Bengaluru, India",20-Nov-14,Platinum,Bills,F,140584
"Delhi, India",26-Jun-14,Platinum,Bills,F,61272
"Delhi, India",2-Jan-14,Silver,Bills,F,25200
"Greater Mumbai, India",9-Dec-13,Signature,Bills,F,249893
"Bengaluru, India",25-May-14,Gold,Bills,F,91325
"Greater Mumbai, India",14-Apr-14,Silver,Bills,F,81641
"Greater Mumbai, India",14-Apr-15,Platinum,Bills,F,267700
"Greater Mumbai, India",20-Nov-14,Silver,Food,F,193429
"Ahmedabad, India",22-Apr-14,Gold,Food,F,97674
"Bengaluru, India",8-Mar-14,Silver,Food,F,222579
"Bengaluru, India",19-Mar-15,Platinum,Food,F,194846
"Greater Mumbai, India",22-Feb-15,Signature,Food,F,62690
"Greater Mumbai, India",8-Feb-15,Signature,Food,F,225614
"Ahmedabad, India",20-Oct-13,Signature,Food,F,13879
"Ahmedabad, India",4-Feb-15,Gold,Food,,279579
"Bengaluru, India",10-Sep-14,Gold,Food,F,253183
"Bengaluru, India",10-May-14,Signature,Food,F,183197
"Bengaluru, India",27-Aug-14,Gold,Food,F,260046
"Bengaluru, India",21-Jul-14,Gold,Food,F,95981
"Bengaluru, India",2-Mar-14,Gold,Food,F,157399
"Delhi, India",20-Feb-14,Signature,Food,F,140041
"Ahmedabad, India",5-Jan-14,Platinum,Food,F,288339
"Ahmedabad, India",2-Jan-14,Platinum,Food,F,49494
"Bengaluru, India",16-Apr-15,Platinum,Food,F,43954
"Bengaluru, India",30-Nov-13,Platinum,Food,F,35543
"Greater Mumbai, India",5-Jan-14,Signature,Food,F,12982
"Delhi, India",2-Apr-14,Platinum,Food,F,213140
"Greater Mumbai, India",22-Oct-13,Platinum,Food,F,95741
"Bengaluru, India",7-Dec-13,Platinum,Food,F,129144
"Ahmedabad, India",4-Mar-14,Gold,Food,F,115551
"Bengaluru, India",26-Apr-14,Gold,Food,F,57961
"Ahmedabad, India",4-Jan-15,Silver,Food,F,209527
"Ahmedabad, India",8-Jul-14,Gold,Food,F,15892
"Bengaluru, India",1-Dec-13,Signature,Food,F,155659
"Greater Mumbai, India",17-Jun-14,Silver,Food,F,246215
"Greater Mumbai, India",15-Oct-14,Signature,Food,F,149465
"Ahmedabad, India",22-Aug-14,Gold,Food,F,259694
"Delhi, India",23-Feb-14,Silver,Food,F,70009
"Greater Mumbai, India",5-Jan-15,Gold,Food,F,233391
"Ahmedabad, India",4-Aug-14,Silver,Food,F,35002
"Ahmedabad, India",18-Apr-15,Silver,Food,F,156519
"Bengaluru, India",22-Apr-14,Gold,Food,F,286786
"Bengaluru, India",18-Sep-14,Signature,Food,F,173244
"Bengaluru, India",31-Dec-14,Platinum,Food,F,195804
"Ahmedabad, India",9-Feb-15,Platinum,Food,F,162827
"Bengaluru, India",26-Jan-15,Signature,Food,F,20036
"Bengaluru, India",17-Jul-14,Signature,Food,F,266125
"Greater Mumbai, India",10-Mar-14,Signature,Food,F,156531
"Ahmedabad, India",20-Oct-14,Signature,Food,F,288673
"Ahmedabad, India",13-Oct-14,Signature,Food,F,67474
"Delhi, India",28-Sep-14,Platinum,Food,F,220674
"Greater Mumbai, India",24-Apr-14,Gold,Food,F,282988
"Bengaluru, India",24-Aug-14,Signature,Food,F,206308
"Bengaluru, India",27-Nov-14,Platinum,Food,F,243074
"Ahmedabad, India",4-Apr-15,Signature,Food,F,247181
"Greater Mumbai, India",8-Aug-14,Signature,Food,F,111842
"Delhi, India",23-Mar-15,Gold,Food,F,277079
"Delhi, India",28-Jan-15,Silver,Food,F,218638
"Ahmedabad, India",14-Nov-14,Gold,Food,F,152216
"Delhi, India",14-Apr-15,Signature,Food,F,42620
"Ahmedabad, India",12-Jan-14,Gold,Food,F,101639
"Greater Mumbai, India",2-Mar-14,Silver,Food,F,102966
"Bengaluru, India",10-Mar-15,Platinum,Food,F,127650
"Greater Mumbai, India",24-Jun-14,Platinum,Food,F,277737
"Bengaluru, India",19-Mar-15,Signature,Food,F,251805
"Ahmedabad, India",19-Feb-14,Signature,Food,F,288284
"Bengaluru, India",22-Oct-13,Gold,Food,F,125290
"Bengaluru, India",20-Aug-14,Silver,Food,F,166602
"Ahmedabad, India",14-Apr-14,Silver,Food,F,219097
"Bengaluru, India",26-Mar-15,Gold,Food,F,34082
"Bengaluru, India",8-May-14,Silver,Food,F,20573
"Bengaluru, India",28-Oct-13,Platinum,Food,F,245056
"Ahmedabad, India",20-Dec-13,Signature,Food,F,131847
"Delhi, India",16-Jan-15,Platinum,Food,F,276873
"Bengaluru, India",6-May-14,Silver,Food,F,138342
"Ahmedabad, India",9-Jan-15,Signature,Food,F,137292
"Ahmedabad, India",4-Mar-14,Signature,Food,F,147750
"Bengaluru, India",18-Oct-13,Signature,Food,F,2397
"Bengaluru, India",16-Jul-14,Gold,Food,F,31051
"Delhi, India",1-Oct-14,Signature,Food,F,55137
"Greater Mumbai, India",8-Nov-13,Gold,Food,F,136040
"Ahmedabad, India",8-Dec-14,Platinum,Food,F,181721
"Delhi, India",12-Mar-14,Signature,Food,F,81753
"Ahmedabad, India",28-Nov-14,Platinum,Food,F,266386
"Ahmedabad, India",3-May-15,Silver,Food,F,259008
"Greater Mumbai, India",10-Mar-15,Silver,Food,F,250995
"Delhi, India",6-Oct-14,Signature,Food,F,232155
"Greater Mumbai, India",13-Feb-14,Silver,Food,F,48012
"Delhi, India",1-Jan-15,Signature,Food,F,296543
"Greater Mumbai, India",25-Dec-14,Signature,Food,F,246893
"Ahmedabad, India",19-Mar-15,Platinum,Food,F,95807
"Ahmedabad, India",22-Aug-14,Platinum,Food,F,165278
"Ahmedabad, India",15-Aug-14,Silver,Food,F,191618
"Greater Mumbai, India",26-Apr-15,Silver,Food,F,159718
"Ahmedabad, India",28-Nov-14,Gold,Food,F,213552
"Greater Mumbai, India",3-May-15,Gold,Food,F,249061
"Delhi, India",24-Feb-14,Silver,Food,F,279377
"Delhi, India",19-Dec-14,Silver,Food,F,233694
"Bengaluru, India",21-Jun-14,Silver,Food,F,102362
"Bengaluru, India",10-Sep-14,Silver,Food,F,108296
"Bengaluru, India",13-Apr-15,Gold,Food,F,258275
"Bengaluru, India",21-Oct-14,Silver,Food,F,194260
"Bengaluru, India",12-Apr-15,Gold,Food,F,167903
"Ahmedabad, India",29-Jan-15,Silver,Food,F,128266
"Bengaluru, India",19-Jan-15,Signature,Food,F,268543
"Ahmedabad, India",17-Mar-14,Signature,Food,F,30653
"Greater Mumbai, India",1-Jan-15,Signature,Food,F,189981
"Delhi, India",28-Apr-15,Gold,Food,F,230325
"Greater Mumbai, India",13-Mar-15,Signature,Food,F,176871
"Greater Mumbai, India",9-Dec-14,Platinum,Food,F,171241
"Greater Mumbai, India",7-Mar-14,Silver,Food,F,91846
"Delhi, India",13-Nov-13,Silver,Food,F,162813
"Delhi, India",4-Nov-14,Silver,Food,F,28569
"Bengaluru, India",16-Nov-14,Silver,Food,F,231827
"Delhi, India",4-Mar-15,Silver,Food,F,281283
"Bengaluru, India",15-Oct-13,Silver,Food,F,291358
"Delhi, India",27-Jul-14,Signature,Food,F,288888
"Delhi, India",22-Nov-14,Gold,Food,F,283575
"Greater Mumbai, India",24-Jul-14,Silver,Food,F,132827
"Delhi, India",31-Aug-14,Silver,Food,F,200721
"Ahmedabad, India",12-Jan-14,Signature,Food,F,190220
"Ahmedabad, India",5-Feb-15,Signature,Food,F,265508
"Greater Mumbai, India",10-Dec-13,Platinum,Food,F,298838
"Greater Mumbai, India",12-Jan-14,Silver,Food,F,203106
"Ahmedabad, India",19-Oct-14,Platinum,Food,F,196647
"Delhi, India",5-Jan-15,Gold,Food,F,136602
"Greater Mumbai, India",24-Feb-14,Gold,Food,F,236980
"Greater Mumbai, India",23-Mar-14,Signature,Food,F,59121
"Bengaluru, India",7-Jan-14,Silver,Food,F,193944
"Greater Mumbai, India",13-Aug-14,Platinum,Food,F,109857
"Bengaluru, India",30-Oct-13,Signature,Food,F,57768
"Ahmedabad, India",2-Aug-14,Gold,Food,F,207196
"Ahmedabad, India",26-Aug-14,Platinum,Food,F,8056
"Ahmedabad, India",5-Jan-15,Platinum,Food,F,178478
"Bengaluru, India",2-Aug-14,Platinum,Food,F,246046
"Ahmedabad, India",29-Apr-14,Platinum,Food,F,192382
"Greater Mumbai, India",25-Oct-14,Gold,Food,F,19158
"Greater Mumbai, India",15-Dec-14,Platinum,Food,F,9552
"Delhi, India",15-Mar-15,Platinum,Food,F,276862
"Bengaluru, India",9-Nov-14,Silver,Food,F,147958
"Greater Mumbai, India",20-Sep-14,Gold,Food,F,151436
"Ahmedabad, India",26-Nov-14,Signature,Food,F,271595
"Bengaluru, India",27-Dec-14,Platinum,Food,F,8115
"Greater Mumbai, India",27-Jul-14,Silver,Food,F,73172
"Delhi, India",3-Sep-14,Signature,Food,F,196816
"Ahmedabad, India",16-Feb-14,Signature,Food,M,162829
"Bengaluru, India",17-Oct-13,Signature,Food,M,252669
"Ahmedabad, India",7-Feb-14,Gold,Food,M,54746
"Bengaluru, India",11-Nov-13,Platinum,Food,M,108079
"Ahmedabad, India",11-Mar-15,Platinum,Food,M,240804
"Ahmedabad, India",7-Mar-15,Silver,Food,M,11289
"Bengaluru, India",22-Nov-14,Silver,Food,M,127020
"Greater Mumbai, India",4-Apr-14,Signature,Food,M,114777
"Delhi, India",17-Jan-15,Platinum,Food,M,88003
"Delhi, India",23-Dec-14,Silver,Food,M,153154
"Bengaluru, India",16-Oct-14,Gold,Food,M,114863
"Bengaluru, India",18-Jul-14,Gold,Food,M,126912
"Bengaluru, India",4-Dec-13,Platinum,Food,M,12621
"Bengaluru, India",1-Sep-14,Silver,Food,M,248699
"Ahmedabad, India",12-Apr-15,Gold,Food,M,232388
"Delhi, India",9-Nov-13,Silver,Food,M,168039
"Delhi, India",4-Oct-13,Silver,Food,M,122944
"Bengaluru, India",19-May-14,Platinum,Food,M,171746
"Greater Mumbai, India",11-Aug-14,Platinum,Food,M,168495
"Ahmedabad, India",20-Sep-14,Signature,Food,M,252614
"Greater Mumbai, India",28-Apr-15,Platinum,Food,M,233161
"Greater Mumbai, India",17-Nov-13,Gold,Food,M,85459
"Ahmedabad, India",11-Mar-14,Signature,Food,M,156075
"Greater Mumbai, India",16-Jul-14,Signature,Food,M,161329
"Greater Mumbai, India",14-Jan-14,Gold,Food,M,183105
"Delhi, India",1-Nov-14,Signature,Food,M,252691
"Delhi, India",4-Apr-15,Gold,Food,M,221345
"Ahmedabad, India",4-Jun-14,Platinum,Food,M,131014
"Ahmedabad, India",28-Dec-13,Gold,Food,M,21571
"Greater Mumbai, India",16-Oct-13,Silver,Food,M,152307
"Greater Mumbai, India",11-Mar-15,Platinum,Food,M,193060
"Bengaluru, India",8-Jan-15,Silver,Food,M,133084
"Ahmedabad, India",8-May-14,Gold,Food,M,194361
"Ahmedabad, India",5-Sep-14,Silver,Food,M,286369
"Greater Mumbai, India",5-Dec-13,Silver,Food,M,294814
"Bengaluru, India",1-Oct-14,Gold,Food,M,276647
"Greater Mumbai, India",20-Dec-13,Signature,Food,M,269712
"Bengaluru, India",30-Dec-13,Silver,Food,M,167306
"Greater Mumbai, India",19-Nov-14,Silver,Food,M,102247
"Bengaluru, India",15-Oct-14,Platinum,Food,M,169677
"Greater Mumbai, India",9-Jul-14,Signature,Food,M,253586
"Delhi, India",27-Apr-14,Gold,Food,M,285567
"Ahmedabad, India",13-Oct-13,Signature,Food,M,155529
"Delhi, India",17-Nov-14,Platinum,Food,M,214039
"Greater Mumbai, India",4-Jan-15,Signature,Food,M,25392
"Ahmedabad, India",9-Mar-15,Platinum,Food,M,157972
"Greater Mumbai, India",15-Jun-14,Silver,Food,M,200754
"Delhi, India",22-Feb-14,Silver,Food,M,24981
"Delhi, India",10-Jun-14,Silver,Food,M,223418
"Bengaluru, India",6-Aug-14,Signature,Food,M,23309
"Bengaluru, India",4-Mar-14,Signature,Food,M,85771
"Delhi, India",30-Jan-15,Silver,Food,M,189297
"Greater Mumbai, India",15-Mar-14,Gold,Food,M,125003
"Ahmedabad, India",20-Feb-15,Silver,Food,M,226929
"Greater Mumbai, India",13-Feb-15,Silver,Food,M,176275
"Bengaluru, India",6-Feb-15,Platinum,Food,M,253338
"Ahmedabad, India",13-Jul-14,Signature,Food,M,213508
"Delhi, India",4-Jan-14,Platinum,Food,M,147766
"Bengaluru, India",25-Jul-14,Signature,Food,M,275085
"Ahmedabad, India",10-Nov-14,Platinum,Food,M,40010
"Ahmedabad, India",22-Nov-14,Signature,Food,M,66775
"Ahmedabad, India",25-Nov-14,Platinum,Food,M,292554
"Delhi, India",1-Nov-14,Platinum,Food,M,263104
"Delhi, India",29-Nov-14,Platinum,Food,M,154806
"Bengaluru, India",29-Jan-15,Gold,Food,M,129650
"Ahmedabad, India",16-Jan-15,Signature,Food,M,249446
"Bengaluru, India",9-Aug-14,Signature,Food,M,135794
"Ahmedabad, India",31-Aug-14,Platinum,Food,M,16468
"Greater Mumbai, India",17-Jan-14,Gold,Food,M,185621
"Delhi, India",17-Sep-14,Platinum,Food,M,279320
"Greater Mumbai, India",29-Dec-13,Platinum,Food,M,271787
"Ahmedabad, India",29-Oct-13,Silver,Food,M,64241
"Bengaluru, India",31-Mar-14,Platinum,Food,M,297737
"Bengaluru, India",29-Jun-14,Gold,Food,M,192039
"Delhi, India",12-Apr-15,Gold,Food,M,39866
"Bengaluru, India",22-Aug-14,Gold,Food,M,112782
"Delhi, India",17-Oct-13,Gold,Food,M,113433
"Greater Mumbai, India",16-May-15,Gold,Food,M,95081
"Bengaluru, India",13-Nov-13,Signature,Food,M,148769
"Ahmedabad, India",30-Dec-13,Gold,Food,M,161873
"Bengaluru, India",23-Feb-15,Gold,Food,M,225071
"Delhi, India",9-Mar-15,Gold,Food,M,260239
"Greater Mumbai, India",30-Mar-15,Gold,Food,M,161682
"Greater Mumbai, India",7-Nov-14,Signature,Food,M,59926
"Bengaluru, India",2-May-14,Platinum,Food,M,22964
"Greater Mumbai, India",14-Oct-13,Platinum,Food,M,48570
"Bengaluru, India",17-Oct-14,Silver,Food,M,52970
"Bengaluru, India",20-Feb-15,Platinum,Food,M,13160
"Ahmedabad, India",6-May-14,Gold,Food,M,295163
"Bengaluru, India",27-Apr-15,Silver,Food,M,158649
"Delhi, India",22-Oct-13,Platinum,Food,M,120780
"Bengaluru, India",6-Mar-15,Signature,Food,M,72366
"Greater Mumbai, India",24-Jan-15,Silver,Food,M,281805
"Bengaluru, India",1-Jun-14,Platinum,Food,M,197325
"Bengaluru, India",31-Dec-14,Platinum,Food,M,167243
"Delhi, India",30-Sep-14,Signature,Food,M,34451
"Ahmedabad, India",20-Sep-14,Gold,Food,M,30120
"Delhi, India",19-Nov-13,Silver,Food,M,189018
"Bengaluru, India",2-Nov-14,Silver,Food,M,237971
"Bengaluru, India",19-Apr-15,Gold,Food,M,71741
"Ahmedabad, India",30-Dec-13,Signature,Food,M,231370
"Greater Mumbai, India",1-May-15,Gold,Food,M,166896
"Delhi, India",9-Jul-14,Signature,Food,M,116086
"Delhi, India",25-Mar-14,Signature,Food,M,35506
"Ahmedabad, India",6-Feb-14,Signature,Food,M,247122
"Bengaluru, India",19-Oct-14,Platinum,Food,M,230876
"Bengaluru, India",4-Apr-15,Signature,Food,M,20358
"Delhi, India",24-May-15,Platinum,Food,M,162487
"Bengaluru, India",15-Apr-14,Signature,Food,M,245076
"Greater Mumbai, India",13-Aug-14,Silver,Food,M,217488
"Ahmedabad, India",9-Aug-14,Gold,Food,M,23818
"Bengaluru, India",7-Mar-15,Platinum,Food,M,298295
"Delhi, India",26-Mar-14,Signature,Food,M,264509
"Delhi, India",22-May-15,Platinum,Food,M,127526
"Greater Mumbai, India",26-Dec-13,Platinum,Food,M,158856
"Ahmedabad, India",1-Sep-14,Silver,Food,M,233893
"Delhi, India",14-Mar-14,Gold,Food,M,61388
"Delhi, India",30-Jan-14,Signature,Food,M,149081
"Ahmedabad, India",5-Apr-15,Gold,Food,M,103225
"Ahmedabad, India",10-Jan-15,Gold,Food,M,254211
"Delhi, India",20-Aug-14,Silver,Food,M,64034
"Bengaluru, India",4-Jun-14,Signature,Food,M,27479
"Greater Mumbai, India",15-Mar-14,Platinum,Food,M,175112
"Greater Mumbai, India",13-Jan-14,Platinum,Food,M,9001
"Bengaluru, India",3-Mar-14,Platinum,Food,M,115150
"Bengaluru, India",28-Mar-14,Gold,Food,M,15615
"Greater Mumbai, India",16-Jan-14,Gold,Food,M,56905
"Ahmedabad, India",7-Nov-14,Signature,Food,M,83916
"Delhi, India",6-May-15,Signature,Food,M,123754
"Greater Mumbai, India",16-Nov-14,Platinum,Food,M,81289
"Delhi, India",9-Apr-15,Gold,Food,M,70494
"Ahmedabad, India",23-Aug-14,Gold,Food,M,268849
"Delhi, India",23-Aug-14,Gold,Food,M,154645
"Ahmedabad, India",4-Apr-14,Gold,Food,M,187546
"Ahmedabad, India",1-Jan-15,Silver,Food,M,209232
"Bengaluru, India",12-Mar-14,Platinum,Food,M,9999
"Delhi, India",19-Feb-15,Platinum,Food,M,106503
"Ahmedabad, India",5-Feb-15,Platinum,Food,M,183105
"Bengaluru, India",28-Dec-13,Platinum,Food,M,14531
"Ahmedabad, India",1-Jan-15,Signature,Food,M,75187
"Delhi, India",10-May-15,Platinum,Food,M,241709
"Bengaluru, India",6-Oct-13,Gold,Food,M,41266
"Ahmedabad, India",13-Jan-15,Signature,Food,M,151734
"Delhi, India",23-Jul-14,Silver,Food,M,49249
"Ahmedabad, India",13-May-15,Silver,Food,M,7448
"Bengaluru, India",19-Mar-14,Silver,Food,M,38146
"Greater Mumbai, India",16-Sep-14,Silver,Food,M,130542
"Delhi, India",2-Sep-14,Silver,Food,M,267807
"Bengaluru, India",1-Aug-14,Silver,Food,M,205047
"Ahmedabad, India",23-Feb-14,Silver,Food,M,173596
"Greater Mumbai, India",1-Feb-15,Silver,Food,M,222368
"Bengaluru, India",29-Apr-15,Silver,Food,M,283399
"Bengaluru, India",10-Jan-15,Silver,Bills,M,291839
"Delhi, India",6-Apr-15,Silver,Food,M,222487
"Ahmedabad, India",11-Dec-13,Silver,Entertainment,M,236449
"Greater Mumbai, India",15-Oct-13,Silver,Food,M,152705
"Ahmedabad, India",26-Feb-14,Silver,Grocery,M,36575
"Bengaluru, India",6-May-14,Silver,Fuel,M,194493
"Delhi, India",3-Nov-14,Silver,Food,M,58116
"Delhi, India",12-Apr-15,Silver,Entertainment,M,179481
"Greater Mumbai, India",22-Feb-15,Silver,Food,M,205735
"Greater Mumbai, India",27-Dec-14,Silver,Fuel,M,249400
"Delhi, India",25-May-14,Silver,Grocery,M,213000
"Ahmedabad, India",28-Oct-13,Silver,Food,M,174245
"Delhi, India",1-Sep-14,Silver,Food,M,191860
"Delhi, India",17-Mar-14,Silver,Food,M,156171
"Greater Mumbai, India",8-Dec-13,Silver,Grocery,M,183633
"Bengaluru, India",3-May-14,Silver,Food,M,282970
"Greater Mumbai, India",29-Nov-13,Silver,Food,M,67213
"Greater Mumbai, India",27-Dec-13,Silver,Entertainment,M,299122
"Bengaluru, India",22-Oct-14,Silver,Entertainment,M,132237
"Ahmedabad, India",26-Apr-15,Silver,Entertainment,M,64149
"Bengaluru, India",24-May-15,Silver,Bills,M,106831
"Bengaluru, India",9-Jan-15,Silver,Bills,M,147225
"Bengaluru, India",15-Oct-14,Silver,Grocery,M,53822
"Ahmedabad, India",10-Oct-13,Silver,Food,M,74794
"Ahmedabad, India",12-Dec-13,Silver,Food,M,29985
"Greater Mumbai, India",18-Dec-14,Silver,Fuel,M,239856
"Greater Mumbai, India",2-Nov-14,Silver,Bills,M,168234
"Greater Mumbai, India",14-Apr-14,Silver,Fuel,M,10476
"Greater Mumbai, India",30-Nov-14,Silver,Bills,M,210425
"Ahmedabad, India",2-Nov-13,Silver,Grocery,M,171803
"Delhi, India",15-Jun-14,Silver,Fuel,M,31365
"Ahmedabad, India",4-Dec-14,Silver,Entertainment,M,231629
"Greater Mumbai, India",13-Dec-13,Silver,Bills,M,79856
"Ahmedabad, India",24-Oct-14,Silver,Food,M,129599
"Delhi, India",5-May-15,Silver,Grocery,M,177579
"Greater Mumbai, India",1-May-14,Silver,Grocery,M,230362
"Ahmedabad, India",11-Mar-15,Silver,Grocery,M,285777
"Bengaluru, India",3-Jul-14,Silver,Entertainment,M,213640
"Bengaluru, India",7-Dec-14,Silver,Bills,M,214511
"Ahmedabad, India",17-Sep-14,Silver,Fuel,M,36849
"Delhi, India",4-Apr-15,Silver,Grocery,M,160601
"Greater Mumbai, India",16-Oct-14,Silver,Fuel,M,273374
"Bengaluru, India",21-Jul-14,Silver,Food,M,49592
"Ahmedabad, India",16-Oct-14,Silver,Entertainment,M,287849
"Ahmedabad, India",10-Apr-14,Silver,Grocery,M,290413
"Ahmedabad, India",11-Mar-15,Silver,Grocery,M,253375
"Bengaluru, India",3-Aug-14,Silver,Fuel,M,251295
"Bengaluru, India",22-Apr-15,Silver,Food,M,236861
"Delhi, India",29-Nov-14,Silver,Bills,M,299032
"Delhi, India",18-May-15,Silver,Bills,M,139246
"Bengaluru, India",5-Nov-13,Silver,Bills,M,139130
"Greater Mumbai, India",4-Oct-13,Silver,Entertainment,M,116700
"Ahmedabad, India",4-Jul-14,Silver,Fuel,M,211228
"Delhi, India",9-Oct-14,Silver,Bills,M,146817
"Delhi, India",19-Jul-14,Silver,Grocery,M,274970
"Bengaluru, India",25-Apr-14,Silver,Entertainment,M,37144
"Delhi, India",17-Jul-14,Silver,Grocery,M,46381
"Bengaluru, India",13-Jul-14,Silver,Bills,M,251886
"Bengaluru, India",7-Feb-15,Silver,Fuel,M,2686
"Bengaluru, India",6-May-14,Silver,Grocery,M,82474
"Ahmedabad, India",21-Nov-13,Silver,Fuel,M,159903
"Delhi, India",9-Mar-14,Silver,Entertainment,M,275547
"Delhi, India",8-Jul-14,Silver,Entertainment,M,52513
"Greater Mumbai, India",13-Dec-13,Silver,Food,M,52484
"Delhi, India",10-May-14,Silver,Food,M,5397
"Greater Mumbai, India",9-Nov-14,Silver,Bills,M,88117
"Bengaluru, India",29-Jan-14,Silver,Food,M,56078
"Greater Mumbai, India",21-Nov-13,Silver,Bills,M,205643
"Delhi, India",25-Jun-14,Silver,Fuel,M,47074
"Bengaluru, India",15-Jul-14,Silver,Grocery,M,34594
"Greater Mumbai, India",25-Dec-13,Silver,Bills,M,31000
"Delhi, India",17-May-14,Silver,Bills,M,138376
"Bengaluru, India",29-Nov-14,Silver,Fuel,M,254875
"Ahmedabad, India",4-Oct-13,Silver,Entertainment,M,240666
"Delhi, India",19-Nov-13,Silver,Fuel,M,32871
"Ahmedabad, India",6-Mar-14,Silver,Fuel,M,270101
"Bengaluru, India",12-Mar-15,Silver,Entertainment,M,95715
"Greater Mumbai, India",12-Feb-15,Silver,Food,M,260724
"Bengaluru, India",21-Nov-14,Silver,Bills,M,271600
"Ahmedabad, India",26-Mar-14,Silver,Food,M,20006
"Ahmedabad, India",5-Jul-14,Silver,Entertainment,M,171670
"Delhi, India",4-Jan-15,Silver,Fuel,M,71727
"Ahmedabad, India",6-Feb-15,Silver,Entertainment,M,57494
"Bengaluru, India",24-Dec-14,Silver,Food,M,168546
"Greater Mumbai, India",12-Jun-14,Silver,Bills,M,30080
"Ahmedabad, India",14-Jan-14,Silver,Fuel,M,174697
"Bengaluru, India",18-Dec-13,Silver,Food,M,180193
"Bengaluru, India",6-Nov-14,Silver,Grocery,M,292047
"Bengaluru, India",23-May-15,Silver,Food,M,233112
"Ahmedabad, India",22-Feb-15,Silver,Grocery,M,226198
"Ahmedabad, India",11-Apr-14,Silver,Bills,M,73112
"Bengaluru, India",23-Jun-14,Silver,Entertainment,M,35232
"Delhi, India",30-Jun-14,Silver,Entertainment,M,55074
"Bengaluru, India",31-Dec-14,Silver,Food,M,186680
"Bengaluru, India",20-Jan-15,Silver,Food,M,191642
"Greater Mumbai, India",30-Oct-13,Silver,Food,,238752
"Ahmedabad, India",11-Oct-13,Silver,Bills,M,131578
"Bengaluru, India",17-Dec-14,Silver,Grocery,M,227118
"Greater Mumbai, India",7-Oct-14,Silver,Grocery,M,16479
"Ahmedabad, India",7-Oct-14,Silver,Entertainment,M,253764
"Bengaluru, India",17-Oct-14,Silver,Entertainment,M,274164
"Delhi, India",13-Jan-14,Silver,Bills,,67192
"Greater Mumbai, India",14-Dec-14,Silver,Fuel,M,294525
"Delhi, India",29-Dec-13,Silver,Food,M,13681
"Delhi, India",1-Nov-14,Silver,Bills,M,27075
"Delhi, India",30-Oct-13,Silver,Entertainment,M,252226
"Greater Mumbai, India",21-Apr-15,Silver,Grocery,,62418
"Delhi, India",11-Mar-15,Silver,Food,M,256766
"Greater Mumbai, India",24-Oct-14,Silver,Entertainment,M,85271
"Delhi, India",9-Oct-13,Silver,Fuel,M,39439
"Delhi, India",22-Mar-14,Silver,Food,M,284449
"Bengaluru, India",12-Nov-14,Silver,Food,M,42900
"Bengaluru, India",18-Sep-14,Silver,Fuel,M,235352
"Bengaluru, India",6-Nov-13,Silver,Bills,M,55248
"Bengaluru, India",20-Feb-14,Silver,Grocery,M,168702
"Greater Mumbai, India",2-Nov-14,Silver,Bills,M,189022
"Ahmedabad, India",22-Jan-14,Silver,Bills,M,286226
"Greater Mumbai, India",30-Dec-13,Silver,Grocery,M,292143
"Greater Mumbai, India",18-Jan-15,Silver,Bills,M,136134
"Ahmedabad, India",24-Jun-14,Silver,Food,M,105723
"Bengaluru, India",10-May-14,Silver,Entertainment,M,264985
"Greater Mumbai, India",11-Sep-14,Silver,Bills,M,261257
"Ahmedabad, India",27-May-14,Silver,Entertainment,M,39126
"Bengaluru, India",19-Mar-15,Silver,Bills,M,278199
"Greater Mumbai, India",2-Sep-14,Silver,Grocery,M,96925
"Greater Mumbai, India",26-Jun-14,Silver,Bills,M,242270
"Delhi, India",23-Jan-14,Silver,Food,M,1400
"Delhi, India",2-Jul-14,Silver,Entertainment,M,75806
"Delhi, India",16-Jan-15,Silver,Entertainment,M,15162
"Delhi, India",6-Apr-15,Silver,Entertainment,M,8452
"Delhi, India",25-Nov-14,Silver,Fuel,M,178922
"Greater Mumbai, India",6-Oct-13,Silver,Fuel,M,66083
"Bengaluru, India",31-Oct-14,Silver,Fuel,M,26449
"Ahmedabad, India",20-Mar-14,Silver,Grocery,M,187484
"Delhi, India",18-Dec-13,Silver,Grocery,M,262261
"Bengaluru, India",3-Jun-14,Silver,Grocery,M,58978
"Bengaluru, India",23-Feb-15,Silver,Fuel,M,173079
"Delhi, India",20-Mar-14,Silver,Bills,M,66615
"Delhi, India",6-Jun-14,Silver,Bills,M,126746
"Delhi, India",25-Jan-15,Silver,Food,M,264442
"Bengaluru, India",6-Dec-13,Silver,Food,M,77708
"Ahmedabad, India",6-Nov-13,Silver,Fuel,M,176835
"Greater Mumbai, India",22-Nov-14,Silver,Entertainment,M,79441
"Bengaluru, India",6-Nov-13,Silver,Food,M,7625
"Greater Mumbai, India",18-Dec-13,Silver,Bills,M,171174
"Bengaluru, India",8-May-14,Silver,Fuel,M,282058
"Greater Mumbai, India",14-Jul-14,Silver,Bills,M,80869
"Bengaluru, India",3-Aug-14,Silver,Food,M,263200
"Ahmedabad, India",2-Jun-14,Silver,Food,M,226791
"Delhi, India",14-Oct-13,Silver,Entertainment,M,184533
"Ahmedabad, India",11-Jan-14,Silver,Grocery,M,216441
"Greater Mumbai, India",3-Dec-14,Silver,Fuel,M,289661
"Ahmedabad, India",20-Jun-14,Silver,Food,M,10052
"Bengaluru, India",19-Sep-14,Silver,Fuel,M,237560
"Bengaluru, India",9-Jan-15,Silver,Entertainment,M,47237
"Ahmedabad, India",12-Jan-15,Silver,Fuel,M,71160
"Greater Mumbai, India",23-Apr-15,Silver,Food,M,72682
"Delhi, India",31-Aug-14,Silver,Fuel,M,14092
"Bengaluru, India",8-Feb-14,Silver,Bills,M,236228
"Delhi, India",16-Jul-14,Silver,Entertainment,M,10545
"Greater Mumbai, India",1-Nov-13,Silver,Bills,M,76284
"Greater Mumbai, India",26-Apr-14,Silver,Food,M,164032
"Greater Mumbai, India",22-Oct-13,Silver,Grocery,M,218315
"Ahmedabad, India",22-Mar-14,Silver,Bills,M,32586
"Delhi, India",5-Feb-15,Silver,Bills,M,154746
"Greater Mumbai, India",19-May-14,Silver,Bills,M,95295
"Ahmedabad, India",17-May-14,Silver,Bills,M,182407
"Ahmedabad, India",7-Dec-14,Silver,Fuel,M,187593
"Bengaluru, India",16-Dec-13,Silver,Food,M,225662
"Delhi, India",27-Mar-14,Silver,Fuel,M,245991
"Ahmedabad, India",9-Sep-14,Silver,Entertainment,M,60639
"Delhi, India",25-May-15,Silver,Fuel,M,78973
"Greater Mumbai, India",4-Apr-14,Silver,Grocery,M,191154
"Greater Mumbai, India",11-Jun-14,Silver,Fuel,M,35692
"Delhi, India",7-Apr-15,Silver,Entertainment,M,92644
"Bengaluru, India",27-Apr-15,Silver,Fuel,M,137339
"Ahmedabad, India",8-Nov-13,Silver,Entertainment,M,195699
"Ahmedabad, India",17-Jan-14,Silver,Grocery,M,74923
"Bengaluru, India",29-Nov-14,Silver,Grocery,M,254342
"Greater Mumbai, India",16-Feb-15,Silver,Food,M,109836
"Greater Mumbai, India",31-Aug-14,Silver,Grocery,M,18188
"Greater Mumbai, India",15-Dec-13,Silver,Bills,M,239819
"Delhi, India",2-Apr-14,Silver,Entertainment,M,51523
"Bengaluru, India",10-Nov-14,Silver,Fuel,M,218805
"Ahmedabad, India",7-Mar-15,Silver,Grocery,M,152175
"Ahmedabad, India",11-May-14,Silver,Bills,M,45947
"Greater Mumbai, India",2-Jan-14,Silver,Bills,M,97386
"Ahmedabad, India",19-Feb-14,Silver,Bills,M,77248
"Delhi, India",30-Nov-14,Silver,Entertainment,M,24410
"Delhi, India",3-Aug-14,Silver,Bills,M,262709
"Greater Mumbai, India",24-Aug-14,Silver,Entertainment,M,189510
"Delhi, India",6-Nov-14,Silver,Fuel,M,36799
"Bengaluru, India",30-Oct-13,Silver,Entertainment,M,226595
"Greater Mumbai, India",30-Dec-13,Silver,Grocery,M,15100
"Bengaluru, India",26-Dec-13,Silver,Entertainment,M,79665
"Delhi, India",23-Apr-14,Silver,Grocery,M,66612
"Greater Mumbai, India",5-May-15,Silver,Bills,M,232566
"Ahmedabad, India",18-Aug-14,Silver,Bills,M,274636
"Bengaluru, India",13-Apr-15,Silver,Entertainment,M,117763
"Delhi, India",19-Jan-14,Silver,Food,M,225073
"Greater Mumbai, India",7-Feb-14,Silver,Grocery,M,113408
"Bengaluru, India",19-Aug-14,Silver,Food,M,31380
"Greater Mumbai, India",14-Aug-14,Silver,Bills,M,234225
"Greater Mumbai, India",20-Feb-15,Silver,Grocery,M,127139
"Ahmedabad, India",14-Nov-13,Silver,Food,M,170980
"Bengaluru, India",8-May-15,Silver,Bills,M,198285
"Delhi, India",27-Aug-14,Silver,Fuel,M,182768
"Delhi, India",9-Jan-14,Silver,Grocery,M,235299
"Delhi, India",16-Jan-15,Silver,Food,M,159434
"Greater Mumbai, India",24-Jan-14,Silver,Fuel,M,202892
"Greater Mumbai, India",26-Feb-14,Silver,Entertainment,M,154492
"Greater Mumbai, India",24-Mar-14,Silver,Entertainment,M,104714
"Delhi, India",17-May-14,Silver,Entertainment,M,188146
"Delhi, India",1-Nov-13,Silver,Grocery,M,190580
"Bengaluru, India",13-Mar-15,Silver,Grocery,M,138179
"Delhi, India",13-Nov-14,Silver,Entertainment,M,60871
"Bengaluru, India",22-Dec-13,Silver,Food,M,248253
"Ahmedabad, India",27-Jan-15,Silver,Grocery,M,237342
"Bengaluru, India",15-Sep-14,Silver,Grocery,M,7112
"Greater Mumbai, India",31-Jan-14,Silver,Fuel,M,156575
"Greater Mumbai, India",1-Apr-15,Silver,Grocery,M,288916
"Bengaluru, India",29-Apr-15,Silver,Entertainment,M,121801
"Bengaluru, India",10-Nov-13,Silver,Entertainment,M,116662
"Ahmedabad, India",21-Mar-14,Silver,Food,M,195072
"Delhi, India",28-Dec-14,Silver,Bills,M,223356
"Greater Mumbai, India",29-Jul-14,Silver,Bills,M,89169
"Ahmedabad, India",11-Oct-14,Silver,Bills,M,118329
"Bengaluru, India",5-Apr-14,Silver,Fuel,M,33227
"Bengaluru, India",9-Mar-15,Silver,Fuel,M,236457
"Bengaluru, India",15-Aug-14,Silver,Fuel,M,219889
"Greater Mumbai, India",25-May-15,Silver,Fuel,M,176128
"Greater Mumbai, India",28-May-14,Silver,Food,M,229461
"Bengaluru, India",22-Dec-13,Silver,Entertainment,M,48682
"Delhi, India",3-Aug-14,Silver,Fuel,M,111224
"Ahmedabad, India",27-Nov-13,Silver,Food,M,186380
"Greater Mumbai, India",30-Aug-14,Silver,Food,M,272688
"Delhi, India",26-Apr-14,Silver,Food,M,56113
"Bengaluru, India",7-Jul-14,Silver,Food,M,194394
"Ahmedabad, India",5-May-14,Silver,Entertainment,M,260137
"Bengaluru, India",2-Nov-14,Silver,Food,M,225270
"Bengaluru, India",18-Apr-14,Silver,Bills,M,189610
"Bengaluru, India",1-May-14,Silver,Entertainment,M,110676
"Ahmedabad, India",6-Sep-14,Silver,Food,M,9773
"Ahmedabad, India",20-Oct-13,Silver,Food,M,185621
"Greater Mumbai, India",9-Jul-14,Silver,Bills,M,272260
"Delhi, India",5-Jul-14,Silver,Grocery,M,113372
"Greater Mumbai, India",14-Apr-14,Silver,Grocery,M,227356
"Ahmedabad, India",18-Jan-14,Silver,Grocery,M,139332
"Bengaluru, India",18-Jul-14,Silver,Entertainment,M,251134
"Greater Mumbai, India",17-Mar-14,Silver,Grocery,M,162039
"Delhi, India",4-Apr-14,Silver,Food,M,116831
"Delhi, India",26-May-14,Silver,Fuel,M,276899
"Bengaluru, India",24-Oct-14,Silver,Bills,M,167244
"Bengaluru, India",12-May-14,Silver,Food,M,39000
"Greater Mumbai, India",4-Jul-14,Silver,Food,M,248342
"Greater Mumbai, India",5-Oct-14,Silver,Grocery,M,180246
"Delhi, India",13-Apr-14,Silver,Grocery,M,261895
"Bengaluru, India",6-Mar-14,Silver,Bills,M,102715
"Ahmedabad, India",4-Jun-14,Silver,Grocery,M,177550
"Greater Mumbai, India",9-Jul-14,Silver,Grocery,M,25722
"Delhi, India",15-Jul-14,Silver,Entertainment,M,250340
"Greater Mumbai, India",29-Apr-15,Silver,Grocery,M,213124
"Delhi, India",24-May-14,Silver,Grocery,M,45466
"Greater Mumbai, India",8-Feb-15,Silver,Bills,M,151770
"Bengaluru, India",7-Mar-14,Silver,Food,M,200777
"Bengaluru, India",2-Aug-14,Silver,Bills,M,277473
"Delhi, India",20-Oct-14,Silver,Food,M,299512
"Bengaluru, India",14-Feb-15,Silver,Grocery,M,61457
"Delhi, India",24-Sep-14,Silver,Grocery,M,170188
"Bengaluru, India",25-Jan-15,Silver,Entertainment,M,278470
"Bengaluru, India",4-Apr-14,Silver,Fuel,M,70106
"Ahmedabad, India",14-Mar-15,Silver,Bills,M,72205
"Delhi, India",27-Apr-15,Silver,Grocery,M,89320
"Greater Mumbai, India",6-Dec-14,Silver,Bills,M,71875
"Greater Mumbai, India",23-May-14,Silver,Food,M,253186
"Greater Mumbai, India",15-Jul-14,Silver,Bills,M,260399
"Greater Mumbai, India",12-Mar-15,Silver,Food,M,137623
"Greater Mumbai, India",22-May-14,Silver,Food,M,267868
"Bengaluru, India",21-Nov-14,Silver,Grocery,M,297242
"Greater Mumbai, India",26-Dec-14,Silver,Fuel,M,54265
"Ahmedabad, India",28-Nov-14,Silver,Grocery,M,37845
"Delhi, India",18-Mar-14,Silver,Grocery,M,23855
"Ahmedabad, India",26-Dec-14,Silver,Grocery,M,94727
"Delhi, India",8-Jun-14,Silver,Entertainment,M,40404
"Bengaluru, India",15-Jan-15,Silver,Fuel,M,265001
"Bengaluru, India",15-Apr-15,Silver,Food,M,153928
"Greater Mumbai, India",12-Oct-13,Silver,Bills,M,33156
"Bengaluru, India",18-Nov-14,Silver,Grocery,M,282857
"Greater Mumbai, India",3-Dec-14,Silver,Bills,M,143266
"Bengaluru, India",23-Mar-14,Silver,Food,M,232704
"Delhi, India",22-Nov-13,Silver,Food,M,10447
"Greater Mumbai, India",6-Feb-14,Silver,Bills,M,26753
"Greater Mumbai, India",4-Dec-14,Silver,Bills,M,100729
"Ahmedabad, India",2-Jun-14,Silver,Grocery,M,251198
"Bengaluru, India",9-Nov-14,Silver,Entertainment,M,45034
"Greater Mumbai, India",16-Jan-15,Silver,Bills,M,117031
"Bengaluru, India",20-Mar-14,Silver,Grocery,M,146944
"Ahmedabad, India",1-Apr-14,Silver,Entertainment,M,8571
"Bengaluru, India",15-Nov-13,Silver,Bills,M,240107
"Bengaluru, India",17-Nov-14,Silver,Bills,M,213775
"Ahmedabad, India",2-Jan-15,Silver,Grocery,M,214336
"Greater Mumbai, India",19-Nov-13,Silver,Grocery,M,8285
"Ahmedabad, India",15-Apr-15,Silver,Grocery,M,263945
"Ahmedabad, India",1-Jan-14,Silver,Grocery,M,98427
"Greater Mumbai, India",6-Aug-14,Silver,Entertainment,M,10716
"Ahmedabad, India",16-Nov-14,Silver,Food,M,120807
"Greater Mumbai, India",11-Apr-14,Silver,Fuel,M,233813
"Ahmedabad, India",23-Jan-15,Silver,Entertainment,M,177277
"Bengaluru, India",20-Dec-13,Silver,Grocery,M,241588
"Bengaluru, India",27-Dec-14,Silver,Grocery,M,87750
"Ahmedabad, India",31-Mar-15,Silver,Bills,M,69220
"Greater Mumbai, India",17-Sep-14,Silver,Grocery,M,43894
"Delhi, India",26-Dec-14,Silver,Bills,M,161107
"Ahmedabad, India",12-Apr-15,Silver,Entertainment,M,4377
"Bengaluru, India",20-Sep-14,Silver,Food,M,26629
"Bengaluru, India",21-Aug-14,Silver,Entertainment,M,101201
"Ahmedabad, India",13-Feb-15,Silver,Grocery,M,183821
"Delhi, India",4-Sep-14,Silver,Grocery,M,266132
"Bengaluru, India",21-Nov-13,Silver,Food,M,89508
"Delhi, India",26-May-15,Silver,Entertainment,M,41161
"Ahmedabad, India",1-Mar-14,Silver,Fuel,M,276608
"Greater Mumbai, India",16-Dec-14,Silver,Entertainment,M,287647
"Bengaluru, India",12-Aug-14,Silver,Bills,M,94917
"Bengaluru, India",30-Mar-14,Silver,Grocery,M,162928
"Bengaluru, India",26-Mar-14,Silver,Grocery,M,210802
"Delhi, India",6-May-14,Silver,Entertainment,M,234945
"Greater Mumbai, India",30-Oct-14,Silver,Bills,M,85227
"Ahmedabad, India",23-Mar-15,Silver,Grocery,M,209510
"Bengaluru, India",7-Dec-14,Silver,Grocery,M,39513
"Bengaluru, India",8-Feb-14,Silver,Fuel,M,138020
"Ahmedabad, India",13-Jul-14,Silver,Grocery,M,155283
"Greater Mumbai, India",17-Aug-14,Silver,Food,M,177031
"Ahmedabad, India",10-Sep-14,Silver,Food,M,58509
"Greater Mumbai, India",16-Apr-15,Silver,Entertainment,M,71041
"Bengaluru, India",25-May-15,Silver,Grocery,M,103964
"Delhi, India",6-Jun-14,Silver,Fuel,M,195709
"Greater Mumbai, India",25-Feb-14,Silver,Grocery,M,209052
"Delhi, India",13-Oct-13,Silver,Entertainment,M,21500
"Bengaluru, India",20-Nov-14,Silver,Bills,M,299152
"Delhi, India",1-Mar-15,Silver,Food,M,284125
"Ahmedabad, India",15-Nov-14,Silver,Bills,M,236081
